"Scientific_Name_BD","Common_Name_BD","Scientific_Name_ALA","Common_Name_ALA","Match_Type"
"Oxyura australis","Blue-billed Duck","Oxyura australis","Blue-billed Duck","Exact - Scientific Name"
"Malacorhynchus membranaceus","Pink-eared Duck","Malacorhynchus membranaceus","Pink-eared Duck","Exact - Scientific Name"
"Cygnus atratus","Black Swan","Cygnus atratus","Black Swan","Exact - Scientific Name"
"Spatula rhynchotis","Australasian Shoveler","Spatula rhynchotis","Australasian Shoveler","Exact - Scientific Name"
"Anas gracilis","Grey Teal","Anas gracilis","Grey Teal","Exact - Scientific Name"
"Stictonetta naevosa","Freckled Duck","Stictonetta naevosa","Freckled Duck","Exact - Scientific Name"
"Biziura lobata","Musk Duck","Biziura lobata","Musk Duck","Exact - Scientific Name"
"Chenonetta jubata","Australian Wood Duck","Chenonetta jubata","Australian Wood Duck","Exact - Scientific Name"
"Alectura lathami","Australian Brush-turkey","Alectura lathami","Australian Brush-turkey","Exact - Scientific Name"
"Numida meleagris","Helmeted Guineafowl","Numida meleagris","Helmeted Guineafowl","Exact - Scientific Name"
"Tachybaptus novaehollandiae","Australasian Grebe","Tachybaptus novaehollandiae","Australasian Grebe","Exact - Scientific Name"
"Poliocephalus poliocephalus","Hoary-headed Grebe","Poliocephalus poliocephalus","Hoary-headed Grebe","Exact - Scientific Name"
"Podiceps cristatus","Great Crested Grebe","Podiceps cristatus","Great Crested Grebe","Exact - Scientific Name"
"Spilopelia chinensis","Spotted Dove","Spilopelia chinensis","Spotted Turtle-dove","Exact - Scientific Name"
"Leucosarcia melanoleuca","Wonga Pigeon","Leucosarcia melanoleuca","Wonga Pigeon","Exact - Scientific Name"
"Ocyphaps lophotes","Crested Pigeon","Ocyphaps lophotes","Crested Pigeon","Exact - Scientific Name"
"Geopelia cuneata","Diamond Dove","Geopelia cuneata","Diamond Dove","Exact - Scientific Name"
"Geopelia placida","Peaceful Dove","Geopelia placida","Peaceful Dove","Exact - Scientific Name"
"Geopelia humeralis","Bar-shouldered Dove","Geopelia humeralis","Bar-shouldered Dove","Exact - Scientific Name"
"Chalcophaps longirostris","Brown-capped Emerald-Dove","Chalcophaps longirostris","Brown-capped Emerald-dove","Exact - Scientific Name"
"Lopholaimus antarcticus","Topknot Pigeon","Lopholaimus antarcticus","Topknot Pigeon","Exact - Scientific Name"
"Centropus phasianinus","Pheasant Coucal","Centropus phasianinus","Pheasant Coucal","Exact - Scientific Name"
"Eudynamys orientalis","Eastern Koel","Eudynamys orientalis","Eastern Koel","Exact - Scientific Name"
"Scythrops novaehollandiae","Channel-billed Cuckoo","Scythrops novaehollandiae","Channel-billed Cuckoo","Exact - Scientific Name"
"Chalcites basalis","Horsfield's Bronze-Cuckoo","Chalcites basalis","Horsfield's Bronze-cuckoo","Exact - Scientific Name"
"Chalcites osculans","Black-eared Cuckoo","Chalcites osculans","Black-eared Cuckoo","Exact - Scientific Name"
"Chalcites lucidus","Shining Bronze-Cuckoo","Chalcites lucidus","Shining Bronze-cuckoo","Exact - Scientific Name"
"Heteroscenes pallidus","Pallid Cuckoo","Heteroscenes pallidus","Pallid Cuckoo","Exact - Scientific Name"
"Cuculus optatus","Oriental Cuckoo","Cuculus optatus","Oriental Cuckoo","Exact - Scientific Name"
"Podargus strigoides","Tawny Frogmouth","Podargus strigoides","Tawny Frogmouth","Exact - Scientific Name"
"Hirundapus caudacutus","White-throated Needletail","Hirundapus caudacutus","White-throated Needletail","Exact - Scientific Name"
"Lewinia pectoralis","Lewin's Rail","Lewinia pectoralis","Lewin's Rail","Exact - Scientific Name"
"Hypotaenidia philippensis","Buff-banded Rail","Hypotaenidia philippensis","Buff-banded Rail","Exact - Scientific Name"
"Zapornia tabuensis","Spotless Crake","Zapornia tabuensis","Spotless Crake","Exact - Scientific Name"
"Fulica atra","Eurasian Coot","Fulica atra","Eurasian Coot","Exact - Scientific Name"
"Recurvirostra novaehollandiae","Red-necked Avocet","Recurvirostra novaehollandiae","Red-necked Avocet","Exact - Scientific Name"
"Elseyornis melanops","Black-fronted Dotterel","Elseyornis melanops","Black-fronted Dotterel","Exact - Scientific Name"
"Erythrogonys cinctus","Red-kneed Dotterel","Erythrogonys cinctus","Red-kneed Dotterel","Exact - Scientific Name"
"Rostratula australis","Australian Painted-Snipe","Rostratula australis","Australian Painted Snipe","Exact - Scientific Name"
"Stercorarius longicaudus","Long-tailed Jaeger","Stercorarius longicaudus","Long-tailed Skua","Exact - Scientific Name"
"Stercorarius parasiticus","Arctic Jaeger","Stercorarius parasiticus","Arctic Skua","Exact - Scientific Name"
"Stercorarius pomarinus","Pomarine Jaeger","Stercorarius pomarinus","Pomarine Jaeger","Exact - Scientific Name"
"Larus pacificus","Pacific Gull","Larus pacificus","Pacific Gull","Exact - Scientific Name"
"Larus dominicanus","Kelp Gull","Larus dominicanus","Kelp Gull","Exact - Scientific Name"
"Thalasseus bergii","Greater Crested Tern","Thalasseus bergii","Crested Tern","Exact - Scientific Name"
"Eudyptula minor","Little Penguin","Eudyptula minor","Little Penguin","Exact - Scientific Name"
"Thalassarche carteri","Indian Yellow-nosed Albatross","Thalassarche carteri","Indian Yellow-nosed Albatross","Exact - Scientific Name"
"Thalassarche melanophris","Black-browed Albatross","Thalassarche melanophris","Black-browed Albatross","Exact - Scientific Name"
"Thalassarche impavida","Campbell Albatross","Thalassarche impavida","Campbell Albatross","Exact - Scientific Name"
"Thalassarche cauta","Shy Albatross","Thalassarche cauta","Shy Albatross","Exact - Scientific Name"
"Macronectes halli","Northern Giant-Petrel","Macronectes halli","Northern Giant-petrel","Exact - Scientific Name"
"Daption capense","Cape Petrel","Daption capense","Cape Petrel","Exact - Scientific Name"
"Pachyptila turtur","Fairy Prion","Pachyptila turtur","Fairy Prion","Exact - Scientific Name"
"Ardenna pacifica","Wedge-tailed Shearwater","Ardenna pacifica","Wedge-tailed Shearwater","Exact - Scientific Name"
"Ardenna tenuirostris","Short-tailed Shearwater","Ardenna tenuirostris","Short-tailed Shearwater","Exact - Scientific Name"
"Ardenna grisea","Sooty Shearwater","Ardenna grisea","Sooty Shearwater","Exact - Scientific Name"
"Ardenna carneipes","Flesh-footed Shearwater","Ardenna carneipes","Flesh-footed Shearwater","Exact - Scientific Name"
"Calonectris leucomelas","Streaked Shearwater","Calonectris leucomelas","Streaked Shearwater","Exact - Scientific Name"
"Pelecanus conspicillatus","Australian Pelican","Pelecanus conspicillatus","Australian Pelican","Exact - Scientific Name"
"Ixobrychus dubius","Australian Little Bittern","Ixobrychus dubius","Minute Bittern","Exact - Scientific Name"
"Nycticorax caledonicus","Nankeen Night-Heron","Nycticorax caledonicus","Nankeen Night-heron","Exact - Scientific Name"
"Bubulcus ibis","Cattle Egret","Bubulcus ibis","Cattle Egret","Exact - Scientific Name"
"Ardea pacifica","White-necked Heron","Ardea pacifica","White-necked Heron","Exact - Scientific Name"
"Ardea alba","Great Egret","Ardea alba","Great Egret","Exact - Scientific Name"
"Egretta novaehollandiae","White-faced Heron","Egretta novaehollandiae","White-faced Heron","Exact - Scientific Name"
"Threskiornis moluccus","Australian White Ibis","Threskiornis moluccus","Australian White Ibis","Exact - Scientific Name"
"Threskiornis spinicollis","Straw-necked Ibis","Threskiornis spinicollis","Straw-necked Ibis","Exact - Scientific Name"
"Plegadis falcinellus","Glossy Ibis","Plegadis falcinellus","Glossy Ibis","Exact - Scientific Name"
"Morus serrator","Australasian Gannet","Morus serrator","Australasian Gannet","Exact - Scientific Name"
"Microcarbo melanoleucos","Little Pied Cormorant","Microcarbo melanoleucos","Little Pied Cormorant","Exact - Scientific Name"
"Anhinga novaehollandiae","Australasian Darter","Anhinga novaehollandiae","Australasian Darter","Exact - Scientific Name"
"Elanus axillaris","Black-shouldered Kite","Elanus axillaris","Black-shouldered Kite","Exact - Scientific Name"
"Lophoictinia isura","Square-tailed Kite","Lophoictinia isura","Square-tailed Kite","Exact - Scientific Name"
"Circus approximans","Swamp Harrier","Circus approximans","Swamp Harrier","Exact - Scientific Name"
"Circus assimilis","Spotted Harrier","Circus assimilis","Spotted Harrier","Exact - Scientific Name"
"Haliastur sphenurus","Whistling Kite","Haliastur sphenurus","Whistling Kite","Exact - Scientific Name"
"Milvus migrans","Black Kite","Milvus migrans","Black Kite","Exact - Scientific Name"
"Tyto tenebricosa","Greater Sooty Owl","Tyto tenebricosa","Sooty Owl","Exact - Scientific Name"
"Tyto novaehollandiae","Masked Owl","Tyto novaehollandiae","Masked Owl","Exact - Scientific Name"
"Eurystomus orientalis","Oriental Dollarbird","Eurystomus orientalis","Dollarbird","Exact - Scientific Name"
"Ceyx azureus","Azure Kingfisher","Ceyx azureus","Azure Kingfisher","Exact - Scientific Name"
"Nymphicus hollandicus","Cockatiel","Nymphicus hollandicus","Cockatiel","Exact - Scientific Name"
"Zanda funerea","Yellow-tailed Black-Cockatoo","Zanda funerea","Yellow-tailed Black-cockatoo","Exact - Scientific Name"
"Callocephalon fimbriatum","Gang-gang Cockatoo","Callocephalon fimbriatum","Gang-gang Cockatoo","Exact - Scientific Name"
"Eolophus roseicapilla","Galah","Eolophus roseicapilla","Galah","Exact - Scientific Name"
"Alisterus scapularis","Australian King-Parrot","Alisterus scapularis","Australian King-parrot","Exact - Scientific Name"
"Psephotus haematonotus","Red-rumped Parrot","Psephotus haematonotus","Red-rumped Parrot","Exact - Scientific Name"
"Northiella haematogaster","Bluebonnet","Northiella haematogaster","Bluebonnet","Exact - Scientific Name"
"Lathamus discolor","Swift Parrot","Lathamus discolor","Swift Parrot","Exact - Scientific Name"
"Glossopsitta concinna","Musk Lorikeet","Glossopsitta concinna","Musk Lorikeet","Exact - Scientific Name"
"Trichoglossus chlorolepidotus","Scaly-breasted Lorikeet","Trichoglossus chlorolepidotus","Scaly-breasted Lorikeet","Exact - Scientific Name"
"Ailuroedus crassirostris","Green Catbird","Ailuroedus crassirostris","Green Catbird","Exact - Scientific Name"
"Ptilonorhynchus violaceus","Satin Bowerbird","Ptilonorhynchus violaceus","Satin Bowerbird","Exact - Scientific Name"
"Cormobates leucophaea","White-throated Treecreeper","Cormobates leucophaea","White-throated Treecreeper","Exact - Scientific Name"
"Stipiturus malachurus","Southern Emu-wren","Stipiturus malachurus","Southern Emu-wren","Exact - Scientific Name"
"Grantiella picta","Painted Honeyeater","Grantiella picta","Painted Honeyeater","Exact - Scientific Name"
"Plectorhyncha lanceolata","Striped Honeyeater","Plectorhyncha lanceolata","Striped Honeyeater","Exact - Scientific Name"
"Nesoptilotis leucotis","White-eared Honeyeater","Nesoptilotis leucotis","White-eared Honeyeater","Exact - Scientific Name"
"Entomyzon cyanotis","Blue-faced Honeyeater","Entomyzon cyanotis","Blue-faced Honeyeater","Exact - Scientific Name"
"Gliciphila melanops","Tawny-crowned Honeyeater","Gliciphila melanops","Tawny-crowned Honeyeater","Exact - Scientific Name"
"Acanthorhynchus tenuirostris","Eastern Spinebill","Acanthorhynchus tenuirostris","Eastern Spinebill","Exact - Scientific Name"
"Acanthagenys rufogularis","Spiny-cheeked Honeyeater","Acanthagenys rufogularis","Spiny-cheeked Honeyeater","Exact - Scientific Name"
"Gavicalis virescens","Singing Honeyeater","Gavicalis virescens","Singing Honeyeater","Exact - Scientific Name"
"Ptilotula fusca","Fuscous Honeyeater","Ptilotula fusca","Fuscous Honeyeater","Exact - Scientific Name"
"Ptilotula penicillata","White-plumed Honeyeater","Ptilotula penicillata","White-plumed Honeyeater","Exact - Scientific Name"
"Caligavis chrysops","Yellow-faced Honeyeater","Caligavis chrysops","Yellow-faced Honeyeater","Exact - Scientific Name"
"Lichenostomus melanops","Yellow-tufted Honeyeater","Lichenostomus melanops","Yellow-tufted Honeyeater","Exact - Scientific Name"
"Gerygone mouki","Brown Gerygone","Gerygone mouki","Brown Gerygone","Exact - Scientific Name"
"Gerygone olivacea","White-throated Gerygone","Gerygone olivacea","White-throated Gerygone","Exact - Scientific Name"
"Gerygone fusca","Western Gerygone","Gerygone fusca","Western Gerygone","Exact - Scientific Name"
"Smicrornis brevirostris","Weebill","Smicrornis brevirostris","Weebill","Exact - Scientific Name"
"Pycnoptilus floccosus","Pilotbird","Pycnoptilus floccosus","Pilotbird","Exact - Scientific Name"
"Pyrrholaemus sagittatus","Speckled Warbler","Pyrrholaemus sagittatus","Speckled Warbler","Exact - Scientific Name"
"Origma solitaria","Rockwarbler","Origma solitaria","Rockwarbler","Exact - Scientific Name"
"Aphelocephala leucopsis","Southern Whiteface","Aphelocephala leucopsis","Southern Whiteface","Exact - Scientific Name"
"Edolisoma tenuirostre","Common Cicadabird","Edolisoma tenuirostre","Cicadabird","Exact - Scientific Name"
"Falcunculus frontatus","Crested Shrike-tit","Falcunculus frontatus","Crested Shrike-tit","Exact - Scientific Name"
"Sphecotheres vieilloti","Australasian Figbird","Sphecotheres vieilloti","Australasian Figbird","Exact - Scientific Name"
"Gymnorhina tibicen","Australian Magpie","Gymnorhina tibicen","Australian Magpie","Exact - Scientific Name"
"Cracticus nigrogularis","Pied Butcherbird","Cracticus nigrogularis","Pied Butcherbird","Exact - Scientific Name"
"Cracticus torquatus","Grey Butcherbird","Cracticus torquatus","Grey Butcherbird","Exact - Scientific Name"
"Dicrurus bracteatus","Spangled Drongo","Dicrurus bracteatus","Spangled Drongo","Exact - Scientific Name"
"Corvus mellori","Little Raven","Corvus mellori","Little Raven","Exact - Scientific Name"
"Corvus coronoides","Australian Raven","Corvus coronoides","Australian Raven","Exact - Scientific Name"
"Grallina cyanoleuca","Magpie-lark","Grallina cyanoleuca","Magpie-lark","Exact - Scientific Name"
"Symposiachrus trivirgatus","Spectacled Monarch","Symposiachrus trivirgatus","Spectacled Monarch","Exact - Scientific Name"
"Corcorax melanorhamphos","White-winged Chough","Corcorax melanorhamphos","White-winged Chough","Exact - Scientific Name"
"Tregellasia capito","Pale-yellow Robin","Tregellasia capito","Pale-yellow Robin","Exact - Scientific Name"
"Chloris chloris","Common Greenfinch","Chloris chloris","European Greenfinch","Exact - Scientific Name"
"Carduelis carduelis","European Goldfinch","Carduelis carduelis","European Goldfinch","Exact - Scientific Name"
"Alauda arvensis","Eurasian Skylark","Alauda arvensis","Eurasian Skylark","Exact - Scientific Name"
"Poodytes gramineus","Little Grassbird","Poodytes gramineus","Little Grassbird","Exact - Scientific Name"
"Cheramoeca leucosterna","White-backed Swallow","Cheramoeca leucosterna","White-backed Swallow","Exact - Scientific Name"
"Zosterops lateralis","Silvereye","Zosterops lateralis","Silvereye","Exact - Scientific Name"
"Acridotheres tristis","Common Myna","Acridotheres tristis","Common Myna","Exact - Scientific Name"
"Turdus merula","Common Blackbird","Turdus merula","Eurasian Blackbird","Exact - Scientific Name"
"Pezoporus wallicus","Ground Parrot","Pezoporus wallicus","Eastern Ground Parrot","Exact - Scientific Name"
"Orthonyx temminckii","Australian Logrunner","Orthonyx temminckii","Australian Logrunner","Exact - Scientific Name"
"Cereopsis novaehollandiae","Cape Barren Goose","Cereopsis novaehollandiae","Cape Barren Goose","Exact - Scientific Name"
"Haematopus longirostris","Australian Pied Oystercatcher","Haematopus longirostris","Australian Pied Oystercatcher","Exact - Scientific Name"
"Haematopus fuliginosus","Sooty Oystercatcher","Haematopus fuliginosus","Sooty Oystercatcher","Exact - Scientific Name"
"Pluvialis squatarola","Grey Plover","Pluvialis squatarola","Grey Plover","Exact - Scientific Name"
"Pluvialis fulva","Pacific Golden Plover","Pluvialis fulva","Pacific Golden Plover","Exact - Scientific Name"
"Thinornis cucullatus","Hooded Plover","Thinornis cucullatus","Hooded Plover","Exact - Scientific Name"
"Limosa lapponica","Bar-tailed Godwit","Limosa lapponica","Bar-tailed Godwit","Exact - Scientific Name"
"Limosa limosa","Black-tailed Godwit","Limosa limosa","Black-tailed Godwit","Exact - Scientific Name"
"Arenaria interpres","Ruddy Turnstone","Arenaria interpres","Ruddy Turnstone","Exact - Scientific Name"
"Actitis hypoleucos","Common Sandpiper","Actitis hypoleucos","Common Sandpiper","Exact - Scientific Name"
"Anous minutus","Black Noddy","Anous minutus","Black Noddy","Exact - Scientific Name"
"Onychoprion fuscatus","Sooty Tern","Onychoprion fuscatus","Sooty Tern","Exact - Scientific Name"
"Sternula albifrons","Little Tern","Sternula albifrons","Little Tern","Exact - Scientific Name"
"Sternula nereis","Fairy Tern","Sternula nereis","Fairy Tern","Exact - Scientific Name"
"Hydroprogne caspia","Caspian Tern","Hydroprogne caspia","Caspian Tern","Exact - Scientific Name"
"Diomedea antipodensis","Antipodean Albatross","Diomedea antipodensis","Antipodean Albatross","Exact - Scientific Name"
"Phoebetria palpebrata","Light-mantled Sooty Albatross","Phoebetria palpebrata","Light-mantled Sooty Albatross","Exact - Scientific Name"
"Fulmarus glacialoides","Southern Fulmar","Fulmarus glacialoides","Southern Fulmar","Exact - Scientific Name"
"Pachyptila vittata","Broad-billed Prion","Pachyptila vittata","Broad-billed Prion","Exact - Scientific Name"
"Pachyptila salvini","Salvin's Prion","Pachyptila salvini","Salvin's Prion","Exact - Scientific Name"
"Pachyptila desolata","Antarctic Prion","Pachyptila desolata","Antarctic Prion","Exact - Scientific Name"
"Pachyptila belcheri","Slender-billed Prion","Pachyptila belcheri","Slender-billed Prion","Exact - Scientific Name"
"Pelecanoides urinatrix","Common Diving-Petrel","Pelecanoides urinatrix","Common Diving-petrel","Exact - Scientific Name"
"Botaurus poiciloptilus","Australasian Bittern","Botaurus poiciloptilus","Australasian Bittern","Exact - Scientific Name"
"Butorides striata","Striated Heron","Butorides striata","Striated Heron","Exact - Scientific Name"
"Egretta garzetta","Little Egret","Egretta garzetta","Little Egret","Exact - Scientific Name"
"Egretta sacra","Eastern Reef Egret","Egretta sacra","Eastern Reef Egret","Exact - Scientific Name"
"Pandion haliaetus","Osprey","Pandion haliaetus","Osprey","Exact - Scientific Name"
"Cincloramphus timoriensis","Tawny Grassbird","Cincloramphus timoriensis","Tawny Grassbird","Exact - Scientific Name"
"Dendrocygna eytoni","Plumed Whistling-Duck","Dendrocygna eytoni","Plumed Whistling-duck","Exact - Scientific Name"
"Dendrocygna arcuata","Wandering Whistling-Duck","Dendrocygna arcuata","Wandering Whistling-duck","Exact - Scientific Name"
"Synoicus chinensis","King Quail","Synoicus chinensis","King Quail","Exact - Scientific Name"
"Ptilinopus superbus","Superb Fruit-Dove","Ptilinopus superbus","Superb Fruit-dove","Exact - Scientific Name"
"Zapornia pusilla","Baillon's Crake","Zapornia pusilla","Baillon's Crake","Exact - Scientific Name"
"Tribonyx ventralis","Black-tailed Native-hen","Tribonyx ventralis","Black-tailed Native-hen","Exact - Scientific Name"
"Irediparra gallinacea","Comb-crested Jacana","Irediparra gallinacea","Comb-crested Jacana","Exact - Scientific Name"
"Calidris pugnax","Ruff","Calidris pugnax","Ruff","Exact - Scientific Name"
"Calidris subruficollis","Buff-breasted Sandpiper","Calidris subruficollis","Buff-breasted Sandpiper","Exact - Scientific Name"
"Turnix pyrrhothorax","Red-chested Button-quail","Turnix pyrrhothorax","Red-chested Button-quail","Exact - Scientific Name"
"Stiltia isabella","Australian Pratincole","Stiltia isabella","Australian Pratincole","Exact - Scientific Name"
"Gelochelidon macrotarsa","Australian Gull-billed Tern","Gelochelidon macrotarsa","Australian Gull-billed Tern","Exact - Scientific Name"
"Ixobrychus flavicollis","Black Bittern","Ixobrychus flavicollis","Black Bittern","Exact - Scientific Name"
"Polytelis swainsonii","Superb Parrot","Polytelis swainsonii","Superb Parrot","Exact - Scientific Name"
"Melopsittacus undulatus","Budgerigar","Melopsittacus undulatus","Budgerigar","Exact - Scientific Name"
"Struthidea cinerea","Apostlebird","Struthidea cinerea","Apostlebird","Exact - Scientific Name"
"Cairina moschata","Muscovy Duck","Cairina moschata","Muscovy Duck","Exact - Scientific Name"
"Aythya australis","Hardhead","Aythya (Nyroca) australis","Hardhead","Exact - Common Name"
"Anas superciliosa","Pacific Black Duck","Anas (Anas) superciliosa","Pacific Black Duck","Exact - Common Name"
"Anas castanea","Chestnut Teal","Anas (Nettion) castanea","Chestnut Teal","Exact - Common Name"
"Coturnix pectoralis","Stubble Quail","Coturnix (Coturnix) pectoralis","Stubble Quail","Exact - Common Name"
"Synoicus ypsilophorus","Brown Quail","Synoicus ypsilophora","Brown Quail","Exact - Common Name"
"Synoicus ypsilophorus","Brown Quail","Coturnix ypsilophora australis","Brown Quail","Exact - Common Name"
"Columba livia","Rock Dove","Columba (Columba) livia","Rock Dove","Exact - Common Name"
"Columba leucomela","White-headed Pigeon","Columba (Janthoenas) leucomela","White-headed Pigeon","Exact - Common Name"
"Phaps chalcoptera","Common Bronzewing","Phaps (Phaps) chalcoptera","Common Bronzewing","Exact - Common Name"
"Phaps elegans","Brush Bronzewing","Phaps (Phaps) elegans","Brush Bronzewing","Exact - Common Name"
"Cacomantis flabelliformis","Fan-tailed Cuckoo","Cacomantis (Vidgenia) flabelliformis","Fan-tailed Cuckoo","Exact - Common Name"
"Cacomantis variolosus","Brush Cuckoo","Cacomantis (Cacomantis) variolosus","Brush Cuckoo","Exact - Common Name"
"Eurostopodus mystacalis","White-throated Nightjar","Eurostopodus (Eurostopodus) mystacalis","White-throated Nightjar","Exact - Common Name"
"Aegotheles cristatus","Australian Owlet-nightjar","Aegotheles (Aegotheles) cristatus","Australian Owlet-nightjar","Exact - Common Name"
"Apus pacificus","Fork-tailed Swift","Apus (Apus) pacificus","Fork-tailed Swift","Exact - Common Name"
"Porphyrio porphyrio","Purple Swamphen","Porphyrio (Porphyrio) porphyrio","Purple Swamphen","Exact - Common Name"
"Gallinula tenebrosa","Dusky Moorhen","Gallinula (Gallinula) tenebrosa","Dusky Moorhen","Exact - Common Name"
"Himantopus leucocephalus","Pied Stilt","Himantopus himantopus leucocephalus","Pied Stilt","Exact - Common Name"
"Vanellus miles","Masked Lapwing","Vanellus (Lobipluvia) miles","Masked Lapwing","Exact - Common Name"
"Vanellus miles","Masked Lapwing","Vanellus (Lobipluvia) miles miles","Masked Lapwing","Exact - Common Name"
"Gallinago hardwickii","Latham's Snipe","Gallinago (Gallinago) hardwickii","Latham's Snipe","Exact - Common Name"
"Turnix varius","Painted Button-quail","Turnix (Austroturnix) varius","Painted Button-quail","Exact - Common Name"
"Turnix varius","Painted Button-quail","Turnix (Austroturnix) varius varius","Painted Button-quail","Exact - Common Name"
"Turnix velox","Little Button-quail","Turnix (Alphaturnia) velox","Little Button-quail","Exact - Common Name"
"Larus novaehollandiae","Silver Gull","Chroicocephalus novaehollandiae","Silver Gull","Exact - Common Name"
"Larus novaehollandiae","Silver Gull","Chroicocephalus novaehollandiae novaehollandiae","Silver Gull","Exact - Common Name"
"Chlidonias hybrida","Whiskered Tern","Chlidonias (Pelodes) hybrida","Whiskered Tern","Exact - Common Name"
"Sterna striata","White-fronted Tern","Sterna (Sterna) striata","White-fronted Tern","Exact - Common Name"
"Sterna hirundo","Common Tern","Sterna (Sterna) hirundo","Common Tern","Exact - Common Name"
"Pterodroma solandri","Providence Petrel","Pterodroma (Pterodroma) solandri","Providence Petrel","Exact - Common Name"
"Puffinus gavia","Fluttering Shearwater","Puffinus (Puffinus) gavia","Fluttering Shearwater","Exact - Common Name"
"Puffinus huttoni","Hutton's Shearwater","Puffinus (Puffinus) huttoni","Hutton's Shearwater","Exact - Common Name"
"Ephippiorhynchus asiaticus","Black-necked Stork","Ephippiorhynchus (Ephippiorhynchus) asiaticus","Black-necked Stork","Exact - Common Name"
"Platalea flavipes","Yellow-billed Spoonbill","Platalea (Platibis) flavipes","Yellow-billed Spoonbill","Exact - Common Name"
"Platalea regia","Royal Spoonbill","Platalea (Platalea) regia","Royal Spoonbill","Exact - Common Name"
"Phalacrocorax carbo","Great Cormorant","Phalacrocorax (Phalacrocorax) carbo","Great Cormorant","Exact - Common Name"
"Phalacrocorax sulcirostris","Little Black Cormorant","Phalacrocorax (Phalacrocorax) sulcirostris","Little Black Cormorant","Exact - Common Name"
"Aviceda subcristata","Pacific Baza","Aviceda (Aviceda) subcristata","Pacific Baza","Exact - Common Name"
"Aquila audax","Wedge-tailed Eagle","Aquila (Uroaetus) audax","Wedge-tailed Eagle","Exact - Common Name"
"Hieraaetus morphnoides","Little Eagle","Hieraaetus (Hieraaetus) morphnoides","Little Eagle","Exact - Common Name"
"Accipiter novaehollandiae","Grey Goshawk","Accipiter (Leucospiza) novaehollandiae","Grey Goshawk","Exact - Common Name"
"Accipiter fasciatus","Brown Goshawk","Accipiter (Leucospiza) fasciatus","Brown Goshawk","Exact - Common Name"
"Accipiter cirrocephalus","Collared Sparrowhawk","Accipiter (Paraspizias) cirrocephalus","Collared Sparrowhawk","Exact - Common Name"
"Tyto alba","Barn Owl","Tyto","Barn Owl","Exact - Common Name"
"Ninox strenua","Powerful Owl","Ninox (Rhabdoglaux) strenua","Powerful Owl","Exact - Common Name"
"Ninox connivens","Barking Owl","Ninox (Hieracoglaux) connivens","Barking Owl","Exact - Common Name"
"Ninox boobook","Southern Boobook","Ninox (Ninox) boobook","Southern Boobook","Exact - Common Name"
"Ninox boobook","Southern Boobook","Ninox (Ninox) novaeseelandiae","Southern Boobook","Exact - Common Name"
"Merops ornatus","Rainbow Bee-eater","Merops (Merops) ornatus","Rainbow Bee-eater","Exact - Common Name"
"Todiramphus macleayii","Forest Kingfisher","Todiramphus (Lazulena) macleayii","Forest Kingfisher","Exact - Common Name"
"Todiramphus sanctus","Sacred Kingfisher","Todiramphus (Todiramphus) sanctus","Sacred Kingfisher","Exact - Common Name"
"Dacelo novaeguineae","Laughing Kookaburra","Dacelo (Dacelo) novaeguineae","Laughing Kookaburra","Exact - Common Name"
"Falco cenchroides","Nankeen Kestrel","Falco (Tinnunculus) cenchroides","Nankeen Kestrel","Exact - Common Name"
"Falco cenchroides","Nankeen Kestrel","Falco (Tinnunculus) cenchroides cenchroides","Nankeen Kestrel","Exact - Common Name"
"Falco longipennis","Australian Hobby","Falco (Falco) longipennis","Australian Hobby","Exact - Common Name"
"Falco berigora","Brown Falcon","Falco (Ieracidea) berigora","Brown Falcon","Exact - Common Name"
"Falco subniger","Black Falcon","Falco (Hierofalco) subniger","Black Falcon","Exact - Common Name"
"Falco peregrinus","Peregrine Falcon","Falco (Hierofalco) peregrinus","Peregrine Falcon","Exact - Common Name"
"Cacatua tenuirostris","Long-billed Corella","Cacatua (Licmetis) tenuirostris","Long-billed Corella","Exact - Common Name"
"Cacatua sanguinea","Little Corella","Cacatua (Licmetis) sanguinea","Little Corella","Exact - Common Name"
"Cacatua galerita","Sulphur-crested Cockatoo","Cacatua (Cacatua) galerita","Sulphur-crested Cockatoo","Exact - Common Name"
"Platycercus elegans","Crimson Rosella","Platycercus (Platycercus) elegans","Crimson Rosella","Exact - Common Name"
"Platycercus eximius","Eastern Rosella","Platycercus (Violania) eximius","Eastern Rosella","Exact - Common Name"
"Neophema pulchella","Turquoise Parrot","Neophema (Neophema) pulchella","Turquoise Parrot","Exact - Common Name"
"Glossopsitta pusilla","Little Lorikeet","Parvipsitta pusilla","Little Lorikeet","Exact - Common Name"
"Trichoglossus moluccanus","Rainbow Lorikeet","Trichoglossus haematodus","Rainbow Lorikeet","Exact - Common Name"
"Pitta versicolor","Noisy Pitta","Pitta (Pitta) versicolor","Noisy Pitta","Exact - Common Name"
"Menura novaehollandiae","Superb Lyrebird","Menura (Menura) novaehollandiae","Superb Lyrebird","Exact - Common Name"
"Climacteris erythrops","Red-browed Treecreeper","Climacteris (Climacterobates) erythrops","Red-browed Treecreeper","Exact - Common Name"
"Climacteris picumnus","Brown Treecreeper","Climacteris (Climacteris) picumnus","Brown Treecreeper","Exact - Common Name"
"Malurus lamberti","Variegated Fairy-wren","Malurus (Leggeornis) lamberti","Variegated Fairy-wren","Exact - Common Name"
"Malurus cyaneus","Superb Fairy-wren","Malurus (Malurus) cyaneus","Superb Fairy-wren","Exact - Common Name"
"Sugomel nigrum","Black Honeyeater","Sugomel niger","Black Honeyeater","Exact - Common Name"
"Myzomela sanguinolenta","Scarlet Honeyeater","Myzomela (Myzomela) sanguinolenta","Scarlet Honeyeater","Exact - Common Name"
"Philemon corniculatus","Noisy Friarbird","Philemon (Tropidorhynchus) corniculatus","Noisy Friarbird","Exact - Common Name"
"Philemon citreogularis","Little Friarbird","Philemon (Microphilemon) citreogularis","Little Friarbird","Exact - Common Name"
"Lichmera indistincta","Brown Honeyeater","Lichmera (Lichmera) indistincta","Brown Honeyeater","Exact - Common Name"
"Phylidonyris pyrrhopterus","Crescent Honeyeater","Phylidonyris (Phylidonyris) pyrrhopterus","Crescent Honeyeater","Exact - Common Name"
"Phylidonyris novaehollandiae","New Holland Honeyeater","Phylidonyris (Meliornis) novaehollandiae","New Holland Honeyeater","Exact - Common Name"
"Phylidonyris niger","White-cheeked Honeyeater","Phylidonyris (Meliornis) niger","White-cheeked Honeyeater","Exact - Common Name"
"Melithreptus gularis","Black-chinned Honeyeater","Melithreptus (Eidopsarus) gularis","Black-chinned Honeyeater","Exact - Common Name"
"Melithreptus brevirostris","Brown-headed Honeyeater","Melithreptus (Eidopsarus) brevirostris","Brown-headed Honeyeater","Exact - Common Name"
"Melithreptus lunatus","White-naped Honeyeater","Melithreptus (Melithreptus) lunatus","White-naped Honeyeater","Exact - Common Name"
"Epthianura tricolor","Crimson Chat","Epthianura (Parepthianura) tricolor","Crimson Chat","Exact - Common Name"
"Meliphaga lewinii","Lewin's Honeyeater","Meliphaga (Meliphaga) lewinii","Lewin's Honeyeater","Exact - Common Name"
"Anthochaera chrysoptera","Little Wattlebird","Anthochaera (Anellobia) chrysoptera","Little Wattlebird","Exact - Common Name"
"Anthochaera phrygia","Regent Honeyeater","Anthochaera (Xanthomyza) phrygia","Regent Honeyeater","Exact - Common Name"
"Anthochaera carunculata","Red Wattlebird","Anthochaera (Anthochaera) carunculata","Red Wattlebird","Exact - Common Name"
"Manorina melanophrys","Bell Miner","Manorina (Manorina) melanophrys","Bell Miner","Exact - Common Name"
"Manorina melanocephala","Noisy Miner","Manorina (Myzantha) melanocephala","Noisy Miner","Exact - Common Name"
"Pardalotus punctatus","Spotted Pardalote","Pardalotus (Pardalotus) punctatus","Spotted Pardalote","Exact - Common Name"
"Pardalotus striatus","Striated Pardalote","Pardalotus (Pardalotinus) striatus","Striated Pardalote","Exact - Common Name"
"Calamanthus pyrrhopygius","Chestnut-rumped Heathwren","Hylacola pyrrhopygia","Chestnut-rumped Heathwren","Exact - Common Name"
"Sericornis citreogularis","Yellow-throated Scrubwren","Neosericornis citreogularis","Yellow-throated Scrubwren","Exact - Common Name"
"Sericornis citreogularis","Yellow-throated Scrubwren","Neosericornis citreogularis citreogularis","Yellow-throated Scrubwren","Exact - Common Name"
"Sericornis frontalis","White-browed Scrubwren","Sericornis (Sericornis) frontalis","White-browed Scrubwren","Exact - Common Name"
"Sericornis magnirostra","Large-billed Scrubwren","Sericornis (Arfakornis) magnirostra","Large-billed Scrubwren","Exact - Common Name"
"Acanthiza chrysorrhoa","Yellow-rumped Thornbill","Acanthiza (Geobasileus) chrysorrhoa","Yellow-rumped Thornbill","Exact - Common Name"
"Acanthiza nana","Yellow Thornbill","Acanthiza (Subacanthiza) nana","Yellow Thornbill","Exact - Common Name"
"Acanthiza lineata","Striated Thornbill","Acanthiza (Subacanthiza) lineata","Striated Thornbill","Exact - Common Name"
"Acanthiza pusilla","Brown Thornbill","Acanthiza (Acanthiza) pusilla","Brown Thornbill","Exact - Common Name"
"Acanthiza reguloides","Buff-rumped Thornbill","Acanthiza (Geobasileus) reguloides","Buff-rumped Thornbill","Exact - Common Name"
"Pomatostomus temporalis","Grey-crowned Babbler","Pomatostomus (Pomatostomus) temporalis","Grey-crowned Babbler","Exact - Common Name"
"Pomatostomus superciliosus","White-browed Babbler","Pomatostomus (Morganornis) superciliosus","White-browed Babbler","Exact - Common Name"
"Daphoenositta chrysoptera","Varied Sittella","Daphoenositta (Neositta) chrysoptera","Varied Sittella","Exact - Common Name"
"Coracina novaehollandiae","Black-faced Cuckoo-shrike","Coracina (Coracina) novaehollandiae","Black-faced Cuckoo-shrike","Exact - Common Name"
"Coracina papuensis","White-bellied Cuckoo-shrike","Coracina (Coracina) papuensis","White-bellied Cuckoo-shrike","Exact - Common Name"
"Lalage tricolor","White-winged Triller","Lalage (Lalage) tricolor","White-winged Triller","Exact - Common Name"
"Cinclosoma punctatum","Spotted Quail-thrush","Cinclosoma (Cinclosoma) punctatum","Spotted Quail-thrush","Exact - Common Name"
"Pachycephala inornata","Gilbert's Whistler","Pachycephala (Timixos) inornata","Gilbert's Whistler","Exact - Common Name"
"Pachycephala rufiventris","Rufous Whistler","Pachycephala (Alisterornis) rufiventris","Rufous Whistler","Exact - Common Name"
"Pachycephala pectoralis","Golden Whistler","Pachycephala (Pachycephala) pectoralis","Golden Whistler","Exact - Common Name"
"Colluricincla harmonica","Grey Shrike-thrush","Colluricincla (Colluricincla) harmonica","Grey Shrike-thrush","Exact - Common Name"
"Psophodes olivaceus","Eastern Whipbird","Psophodes (Psophodes) olivaceus","Eastern Whipbird","Exact - Common Name"
"Oriolus sagittatus","Olive-backed Oriole","Oriolus (Mimeta) sagittatus","Olive-backed Oriole","Exact - Common Name"
"Strepera graculina","Pied Currawong","Strepera (Strepera) graculina","Pied Currawong","Exact - Common Name"
"Strepera versicolor","Grey Currawong","Strepera (Neostrepera) versicolor","Grey Currawong","Exact - Common Name"
"Artamus personatus","Masked Woodswallow","Artamus (Campbellornis) personatus","Masked Woodswallow","Exact - Common Name"
"Artamus superciliosus","White-browed Woodswallow","Artamus (Campbellornis) superciliosus","White-browed Woodswallow","Exact - Common Name"
"Artamus cyanopterus","Dusky Woodswallow","Artamus (Angroyan) cyanopterus","Dusky Woodswallow","Exact - Common Name"
"Artamus cinereus","Black-faced Woodswallow","Artamus (Angroyan) cinereus","Black-faced Woodswallow","Exact - Common Name"
"Artamus leucorynchus","White-breasted Woodswallow","Artamus (Artamus) leucorynchus","White-breasted Woodswallow","Exact - Common Name"
"Rhipidura leucophrys","Willie Wagtail","Rhipidura (Sauloprocta) leucophrys","Willie Wagtail","Exact - Common Name"
"Rhipidura rufifrons","Rufous Fantail","Rhipidura (Howeavis) rufifrons","Rufous Fantail","Exact - Common Name"
"Rhipidura albiscapa","Grey Fantail","Rhipidura (Rhipidura) albiscapa","Grey Fantail","Exact - Common Name"
"Myiagra rubecula","Leaden Flycatcher","Myiagra (Myiagra) rubecula","Leaden Flycatcher","Exact - Common Name"
"Myiagra cyanoleuca","Satin Flycatcher","Myiagra (Myiagra) cyanoleuca","Satin Flycatcher","Exact - Common Name"
"Myiagra inquieta","Restless Flycatcher","Myiagra (Seisura) inquieta","Restless Flycatcher","Exact - Common Name"
"Monarcha melanopsis","Black-faced Monarch","Monarcha (Monarcha) melanopsis","Black-faced Monarch","Exact - Common Name"
"Petroica rosea","Rose Robin","Petroica (Erythrodryas) rosea","Rose Robin","Exact - Common Name"
"Petroica phoenicea","Flame Robin","Petroica (Littlera) phoenicea","Flame Robin","Exact - Common Name"
"Petroica boodang","Scarlet Robin","Petroica (Petroica) boodang","Scarlet Robin","Exact - Common Name"
"Petroica goodenovii","Red-capped Robin","Petroica (Petroica) goodenovii","Red-capped Robin","Exact - Common Name"
"Microeca fascinans","Jacky Winter","Microeca (Microeca) fascinans","Jacky Winter","Exact - Common Name"
"Eopsaltria australis","Eastern Yellow Robin","Eopsaltria (Eopsaltria) australis","Eastern Yellow Robin","Exact - Common Name"
"Melanodryas cucullata","Hooded Robin","Melanodryas (Melanodryas) cucullata","Hooded Robin","Exact - Common Name"
"Dicaeum hirundinaceum","Mistletoebird","Dicaeum (Dicaeum) hirundinaceum","Mistletoebird","Exact - Common Name"
"Stagonopleura bella","Beautiful Firetail","Stagonopleura (Zonaeginthus) bella","Beautiful Firetail","Exact - Common Name"
"Stagonopleura guttata","Diamond Firetail","Stagonopleura (Stagonopleura) guttata","Diamond Firetail","Exact - Common Name"
"Neochmia temporalis","Red-browed Finch","Neochmia (Aegintha) temporalis","Red-browed Finch","Exact - Common Name"
"Neochmia modesta","Plum-headed Finch","Aidemosyne modesta","Plum-headed Finch","Exact - Common Name"
"Taeniopygia castanotis","Zebra Finch","Taeniopygia guttata","Zebra Finch","Exact - Common Name"
"Taeniopygia bichenovii","Double-barred Finch","Stizoptera bichenovii","Double-barred Finch","Exact - Common Name"
"Passer domesticus","House Sparrow","Passer (Passer) domesticus","House Sparrow","Exact - Common Name"
"Mirafra javanica","Horsfield's Bushlark","Mirafra (Mirafra) javanica","Horsfield's Bushlark","Exact - Common Name"
"Cisticola exilis","Golden-headed Cisticola","Cisticola (Cisticola) exilis","Golden-headed Cisticola","Exact - Common Name"
"Cincloramphus cruralis","Brown Songlark","Cincloramphus (Cincloramphus) cruralis","Brown Songlark","Exact - Common Name"
"Cincloramphus mathewsi","Rufous Songlark","Cincloramphus (Maclennania) mathewsi","Rufous Songlark","Exact - Common Name"
"Petrochelidon ariel","Fairy Martin","Petrochelidon (Petrochelidon) ariel","Fairy Martin","Exact - Common Name"
"Petrochelidon nigricans","Tree Martin","Petrochelidon (Hylochelidon) nigricans","Tree Martin","Exact - Common Name"
"Hirundo neoxena","Welcome Swallow","Hirundo (Hirundo) neoxena","Welcome Swallow","Exact - Common Name"
"Pycnonotus jocosus","Red-whiskered Bulbul","Pycnonotus (Pycnonotus) jocosus","Red-whiskered Bulbul","Exact - Common Name"
"Sturnus vulgaris","Common Starling","Sturnus (Sturnus) vulgaris","Common Starling","Exact - Common Name"
"Zoothera lunulata","Bassian Thrush","Zoothera (Zoothera) lunulata","Bassian Thrush","Exact - Common Name"
"Pachycephala olivacea","Olive Whistler","Pachycephala (Timixos) olivacea","Olive Whistler","Exact - Common Name"
"Tadorna tadornoides","Australian Shelduck","Tadorna (Casarca) tadornoides","Australian Shelduck","Exact - Common Name"
"Charadrius ruficapillus","Red-capped Plover","Charadrius (Charadrius) ruficapillus","Red-capped Plover","Exact - Common Name"
"Charadrius bicinctus","Double-banded Plover","Charadrius (Charadrius) bicinctus","Double-banded Plover","Exact - Common Name"
"Calidris canutus","Red Knot","Calidris (Calidris) canutus","Red Knot","Exact - Common Name"
"Calidris ruficollis","Red-necked Stint","Calidris (Ereunetes) ruficollis","Red-necked Stint","Exact - Common Name"
"Calidris alba","Sanderling","Calidris (Crocethia) alba","Sanderling","Exact - Common Name"
"Tringa brevipes","Grey-tailed Tattler","Tringa (Heteroscelus) brevipes","Grey-tailed Tattler","Exact - Common Name"
"Pterodroma lessonii","White-headed Petrel","Pterodroma (Pterodroma) lessonii","White-headed Petrel","Exact - Common Name"
"Puffinus assimilis","Little Shearwater","Puffinus (Puffinus) assimilis","Little Shearwater","Exact - Common Name"
"Dasyornis brachypterus","Eastern Bristlebird","Dasyornis (Dasyornis) brachypterus","Eastern Bristlebird","Exact - Common Name"
"Nettapus coromandelianus","Cotton Pygmy-goose","Nettapus (Cheniscus) coromandelianus","Cotton Pygmy-goose","Exact - Common Name"
"Nettapus coromandelianus","Cotton Pygmy-goose","Nettapus (Cheniscus) coromandelianus albipennis","Cotton Pygmy-goose","Exact - Common Name"
"Porzana fluminea","Australian Spotted Crake","Porzana (Porzana) fluminea","Australian Spotted Crake","Exact - Common Name"
"Charadrius mongolus","Lesser Sand Plover","Charadrius (Charadrius) mongolus","Lesser Sand Plover","Exact - Common Name"
"Charadrius leschenaultii","Greater Sand Plover","Charadrius (Charadrius) leschenaultii","Greater Sand Plover","Exact - Common Name"
"Charadrius veredus","Oriental Plover","Charadrius (Eupoda) veredus","Oriental Plover","Exact - Common Name"
"Vanellus tricolor","Banded Lapwing","Vanellus (Lobivanellus) tricolor","Banded Lapwing","Exact - Common Name"
"Numenius phaeopus","Whimbrel","Numenius (Phaeopus) phaeopus","Whimbrel","Exact - Common Name"
"Numenius minutus","Little Curlew","Numenius (Mesoscolopax) minutus","Little Curlew","Exact - Common Name"
"Calidris acuminata","Sharp-tailed Sandpiper","Calidris (Erolia) acuminata","Sharp-tailed Sandpiper","Exact - Common Name"
"Calidris ferruginea","Curlew Sandpiper","Calidris (Erolia) ferruginea","Curlew Sandpiper","Exact - Common Name"
"Calidris subminuta","Long-toed Stint","Calidris (Ereunetes) subminuta","Long-toed Stint","Exact - Common Name"
"Calidris melanotos","Pectoral Sandpiper","Calidris (Erolia) melanotos","Pectoral Sandpiper","Exact - Common Name"
"Tringa nebularia","Common Greenshank","Tringa (Glottis) nebularia","Common Greenshank","Exact - Common Name"
"Tringa glareola","Wood Sandpiper","Tringa (Rhyacophilus) glareola","Wood Sandpiper","Exact - Common Name"
"Tringa stagnatilis","Marsh Sandpiper","Tringa (Rhyacophilus) stagnatilis","Marsh Sandpiper","Exact - Common Name"
"Turnix maculosus","Red-backed Button-quail","Turnix (Ortygodes) maculosus","Red-backed Button-quail","Exact - Common Name"
"Glareola maldivarum","Oriental Pratincole","Glareola (Glareola) maldivarum","Oriental Pratincole","Exact - Common Name"
"Chlidonias leucopterus","White-winged Black Tern","Chlidonias (Chlidonias) leucopterus","White-winged Black Tern","Exact - Common Name"
"Todiramphus pyrrhopygius","Red-backed Kingfisher","Todiramphus (Cyanalcyon) pyrrhopygius","Red-backed Kingfisher","Exact - Common Name"
"Cacatua leadbeateri","Major Mitchell's Cockatoo","Lophochroa leadbeateri","Major Mitchell's Cockatoo","Exact - Common Name"
"Epthianura albifrons","White-fronted Chat","Epthianura (Epthianura) albifrons","White-fronted Chat","Exact - Common Name"
"Petroica rodinogaster","Pink Robin","Petroica (Erythrodryas) rodinogaster","Pink Robin","Exact - Common Name"
"Passer montanus","Eurasian Tree Sparrow","Passer (Passer) montanus","Eurasian Tree Sparrow","Exact - Common Name"
"Motacilla tschutschensis","Eastern Yellow Wagtail","Motacilla (Budytes) tschutschensis","Eastern Yellow Wagtail","Exact - Common Name"
"Motacilla tschutschensis","Eastern Yellow Wagtail","Motacilla (Budytes) tschutschensis tschutschensis","Eastern Yellow Wagtail","Exact - Common Name"
"Hirundo rustica","Barn Swallow","Hirundo (Hirundo) rustica","Barn Swallow","Exact - Common Name"
"Macropygia phasianella","Brown Cuckoo-Dove","Macropygia (Macropygia) phasianella","Brown Cuckoo-dove","Approximate - Common Name"
"Phalacrocorax varius","Great Pied Cormorant","Phalacrocorax (Phalacrocorax) carbo","Great Cormorant","Approximate - Common Name"
"Haliaeetus leucogaster","White-bellied Sea-Eagle","Haliaeetus (Pontoaetus) leucogaster","White-bellied Sea-eagle","Approximate - Common Name"
"Calyptorhynchus banksii","Red-tailed Black-Cockatoo","Calyptorhynchus (Calyptorhynchus) banksii","Red-tailed Black Cockatoo","Approximate - Common Name"
"Calyptorhynchus lathami","Glossy Black-Cockatoo","Calyptorhynchus (Calyptorhynchus) lathami","Glossy Black-cockatoo","Approximate - Common Name"
"Lonchura punctulata","Nutmeg Mannikin","Lonchura (Lonchura) punctulata","Nutmeg Munia","Approximate - Common Name"
"Lonchura castaneothorax","Chestnut-breasted Mannikin","Lonchura (Munia) castaneothorax","Chestnut-breasted Munia","Approximate - Common Name"
"Anthus novaeseelandiae","Australasian Pipit","Anthus (Anthus) novaeseelandiae","Australian Pipit","Approximate - Common Name"
"Acrocephalus australis","Australian Reed-Warbler","Acrocephalus (Acrocephalus) australis","Australian Reed Warbler","Approximate - Common Name"
NA,"Wandering Albatross spp","Diomedea exulans","Wandering Albatross","Approximate - Common Name"
NA,"Black-browed Albatross spp","Thalassarche melanophris","Black-browed Albatross","Approximate - Common Name"
NA,"Great-winged Petrel spp","Pterodroma (Pterodroma) macroptera","Great-winged Petrel","Approximate - Common Name"
NA,"Skua spp","Anas superciliosa X Anas platyrhynchos","Swans","Approximate - Common Name"
NA,"Duck spp","ANATIDAE","Ducks","Approximate - Common Name"
"Numenius madagascariensis","Far Eastern Curlew","Numenius (Numenius) madagascariensis","Eastern Curlew","Approximate - Common Name"
NA,"Domestic Duck","Gallus","Domestic Fowl","Approximate - Common Name"
"Anas platyrhynchos","Mallard","Eolophus roseicapilla","Galah","Approximate - Common Name"
"Vanellus cinereus","Grey-headed Lapwing","Heteromyias cinereifrons","Grey-headed Robin","Approximate - Common Name"
"Calidris bairdii","Baird's Sandpiper","Tringa (Rhyacophilus) stagnatilis","Marsh Sandpiper","Approximate - Common Name"
NA,"Domestic Goose","Gallus","Domestic Fowl","Approximate - Common Name"
"Ardea plumifera","Plumed Egret",NA,NA,"Unmatched"
NA,"Black Duck-Mallard hybrid",NA,NA,"Unmatched"
NA,"Corella spp",NA,NA,"Unmatched"
NA,"Crow & Raven spp",NA,NA,"Unmatched"
NA,"Fairy-wren spp",NA,NA,"Unmatched"
NA,"Fluttering/Hutton's Shearwater spp",NA,NA,"Unmatched"
NA,"Giant-Petrel spp",NA,NA,"Unmatched"
NA,"Brown Goshawk/Collared Sparrowhawk spp",NA,NA,"Unmatched"
NA,"Fairy/Tree Martin spp",NA,NA,"Unmatched"
NA,"Shy/White-capped Albatross spp",NA,NA,"Unmatched"
NA,"Short-tailed/Sooty Shearwater spp",NA,NA,"Unmatched"
NA,"Jaeger spp",NA,NA,"Unmatched"
"Tadorna variegata","Paradise Shelduck",NA,NA,"Unmatched"
"Calidris fuscicollis","White-rumped Sandpiper",NA,NA,"Unmatched"
"Anser anser","Domestic (Greylag) Goose",NA,NA,"Unmatched"
NA,"Teal spp",NA,NA,"Unmatched"
